"","baseMean","log2FoldChange","lfcSE","stat","pvalue","padj"
"GRB10",187.081488151737,0.743254228889774,0.12232695507235,6.07596443850151,1.23244722179141e-09,1.09626180378346e-05
